{"cameraMode":{"drawMode":0,"name":"Shaded","section":"Shading Mode"},"sceneLighting":true,"audioPlay":false,"sceneViewState":{"m_AlwaysRefresh":false,"showFog":true,"showSkybox":true,"showFlares":true,"showImageEffects":true,"showParticleSystems":true,"showVisualEffectGraphs":true,"m_FxEnabled":true},"in2DMode":false,"pivot":{"x":1.6840500831604005,"y":6.736407279968262,"z":-39.69907760620117},"rotation":{"x":0.06063340604305267,"y":-0.9512749314308167,"z":0.15103065967559815,"w":0.26863712072372439},"size":34.22371292114258,"orthographic":false}