{"cameraMode":{"drawMode":0,"name":"Shaded","section":"Shading Mode"},"sceneLighting":true,"audioPlay":false,"sceneViewState":{"m_AlwaysRefresh":false,"showFog":true,"showSkybox":true,"showFlares":true,"showImageEffects":true,"showParticleSystems":true,"showVisualEffectGraphs":true,"m_FxEnabled":true},"in2DMode":false,"pivot":{"x":43.58036804199219,"y":20.35890769958496,"z":-3.999612808227539},"rotation":{"x":-0.2554476261138916,"y":-0.0023231995292007925,"z":0.0006126879015937448,"w":-0.9668266773223877},"size":35.70146560668945,"orthographic":false}