{"cameraMode":{"drawMode":0,"name":"Shaded","section":"Shading Mode"},"sceneLighting":true,"audioPlay":false,"sceneViewState":{"m_AlwaysRefresh":false,"showFog":true,"showSkybox":true,"showFlares":true,"showImageEffects":true,"showParticleSystems":true,"showVisualEffectGraphs":true,"m_FxEnabled":true},"in2DMode":false,"pivot":{"x":29.981842041015626,"y":15.959129333496094,"z":-9.705403327941895},"rotation":{"x":-0.34415844082832339,"y":-0.08378524333238602,"z":0.030849959701299669,"w":-0.9346646070480347},"size":63.143131256103519,"orthographic":false}